{
  "accuracy": 0.18766756355762482,
  "loss": 1.791014313697815,
  "report": {
    "engagement_eleve": {
      "precision": 0.2857142857142857,
      "recall": 0.03125,
      "f1-score": 0.056338028169014086,
      "support": 64.0
    },
    "engagement_faible": {
      "precision": 0.0,
      "recall": 0.0,
      "f1-score": 0.0,
      "support": 63.0
    },
    "confusion": {
      "precision": 0.0,
      "recall": 0.0,
      "f1-score": 0.0,
      "support": 63.0
    },
    "frustration": {
      "precision": 0.1388888888888889,
      "recall": 0.08333333333333333,
      "f1-score": 0.10416666666666667,
      "support": 60.0
    },
    "ennui": {
      "precision": 0.0,
      "recall": 0.0,
      "f1-score": 0.0,
      "support": 58.0
    },
    "neutre": {
      "precision": 0.17272727272727273,
      "recall": 0.8769230769230769,
      "f1-score": 0.28860759493670884,
      "support": 65.0
    },
    "accuracy": 0.17158176943699732,
    "macro avg": {
      "precision": 0.09955507455507455,
      "recall": 0.16525106837606837,
      "f1-score": 0.07485204829539827,
      "support": 373.0
    },
    "weighted avg": {
      "precision": 0.10146466580782935,
      "recall": 0.17158176943699732,
      "f1-score": 0.07671615944692486,
      "support": 373.0
    }
  },
  "labels": [
    "engagement_eleve",
    "engagement_faible",
    "confusion",
    "frustration",
    "ennui",
    "neutre"
  ],
  "trained_at": "2026-05-12T07:53:54Z"
}